{"index_reg_data": [0.43323792962999463, 0.10218874351408774, 8.87669836065574, 0.06025704918032785], "var_reg_data": [0.3106411100418864, 0.13197511560806927, 5.512176784769963, 0.010345801163405607], "index_ts_data": [3.9805, 1.2827, 8.6813, 7.7761, 8.4255, 6.371, 7.5989, 5.7939, 3.6998, 27.8178, 0.3496, 8.8012, 32.371, 11.0499, 8.0635, 9.4684, 11.8697, 10.67, 5.007, 8.0183, 10.3044, 3.1118, 4.96, 10.2237, 8.9017, 6.7377, 2.455, 20.5657, 28.5092, 2.3513, 4.5178, 12.759, 4.2752, 3.6492, 16.3908, 13.6425, 1.9037, 31.7801, 15.0777, 4.13, 9.3297, 2.1805, 61.9472, 1.785, 4.0212, 4.3761, 23.6806, 10.5412, 7.5855, 20.8489, 14.9886, 31.5125, 12.4359, 16.67, 1.9458, 14.7473, 7.6742, 2.373, 1.7506, 3.2868, 4.7258], "var_ts_data": [4.5307, 8.4628, 6.1996, 3.5829, 6.6316, 7.725, 5.5746, 6.1659, 6.4677, 5.1687, 8.8278, 5.6309, 3.6322, 4.642, 5.1945, 4.2862, 3.5831, 4.6133, 7.1957, 6.2068, 5.2584, 6.8562, 5.2412, 3.5912, 5.937, 6.0718, 4.6299, 7.1131, 5.177, 7.0907, 5.5095, 5.1544, 6.0887, 6.1238, 3.4927, 4.5074, 7.6769, 4.4283, 4.7624, 4.9763, 6.5423, 7.3356, 3.649, 6.8138, 6.3976, 7.7905, 6.2999, 6.6735, 5.1937, 4.6928, 4.936, 4.7734, 4.1534, 4.8832, 9.4154, 7.0999, 6.8738, 7.6216, 6.9242, 7.4327, 5.6644]}