{"index_reg_data": [7.646810492782366e-06, -0.44332000841722075, 10.157682441209406, -0.11553691362930317], "var_reg_data": [1.4852423478835768e-20, 0.7815267035917716, -6.8844653079507285, 0.06867477441028791], "index_ts_data": [15.9866, 14.4357, 5.7621, 2.4251, 2.7282, 5.4812, 26.5084, 24.6664, 0.0786, 4.2786, 7.2963, 1.359, 0.7917, 7.3653, 2.5176, 18.3764, 33.4906, 13.8522, 0.1832, 1.7694, 3.4501, 22.8252, 3.9084, 6.3343, 1.4275, 6.5798, 4.046, 8.9174, 0.225, 1.7609, 1.1916, 3.0889, 9.9931, 1.0654, 25.1263, 9.5797, 0.5966, 7.3828, 0.7708, 6.2156, 0.852, 7.0461, 27.1384, 15.845, 4.3304, 0.1904, 7.183, 5.6941, 0.4016, 0.0077, 7.065, 0.3114, 0.7133, 1.074, 1.2884, 2.6478, 1.0396, 0.0639, 8.5854, 0.3096, 0.3611, 0.0105, 2.267, 0.0029, 0.3371, 0.2715, 2.144, 0.0418, 7.367, 0.0281, 0.3957, 0.5087, 11.0662, 0.4794, 0.0191, 0.0009, 0.0781, 0.0693, 3.0844, 0.217, 0.8414, 0.104, 7.9737, 0.0016, 1.472, 0.0019, 0.1217, 0.2464, 0.0526, 0.0834, 3.1443, 0.4437, 0.9481, 0.0006], "var_ts_data": [-6.2562, -6.7562, -6.3726, -5.9206, -5.9203, -6.2573, -7.5832, -7.0859, -3.201, -6.162, -5.6322, -6.0745, -3.0399, -5.8197, -5.3184, -8.7906, -8.237, -5.4746, -4.0002, -5.2258, -5.2395, -7.0944, -5.2631, -6.0346, -5.0199, -7.5132, -5.6004, -4.0997, -2.5532, -3.8963, -4.1336, -3.4419, -5.1128, -4.5233, -6.964, -5.3261, -4.8804, -6.2189, -3.9395, -5.0032, -3.9429, -5.346, -6.6963, -6.8649, -5.0002, -2.6617, -5.3074, -6.1049, -1.544, -1.9649, -5.1793, -2.0956, -1.6148, -3.1705, -2.0908, -3.331, -4.5081, -2.3349, -5.4172, -2.7008, -1.5409, -1.3717, -2.2249, -0.7368, -1.4888, -2.8313, -2.4007, -2.6791, -4.2467, -0.5852, -0.8254, -1.1418, -4.8336, -0.336, -1.6873, 1.0443, -0.3015, 0.2904, -4.7048, -1.4224, -3.226, -0.5133, -3.7192, -0.5476, -0.9315, 1.2501, 0.0712, -3.4682, 0.7624, -0.5534, -3.1689, -0.3962, 0.4252, -0.0603]}