{"index_reg_data": [0.37779911953555445, 0.11492601694493843, 9.72574616604971, 0.068665346377578], "var_reg_data": [0.09792067466942075, 0.21386828871779293, -7.828324907456371, 0.01564640401903755], "index_ts_data": [4.896, 0.7985, 7.2361, 9.2497, 9.6391, 8.2279, 8.1919, 11.0816, 4.4702, 26.6404, 1.0706, 15.2122, 28.402, 10.7259, 9.0251, 10.4744, 14.5987, 15.47, 6.7558, 8.015, 9.632, 2.8414, 7.8712, 15.191, 6.4674, 7.4959, 3.0236, 16.1676, 34.8436, 2.8065, 7.0878, 13.6047, 5.1164, 4.5444, 17.5885, 15.9707, 1.4912, 30.83, 14.2871, 2.9784, 14.9922, 1.359, 64.5245, 3.3509, 3.1571, 5.7291, 23.1485, 8.7305, 6.9873, 22.2314, 17.5987, 30.5292, 18.1185, 18.9685, 2.6633, 15.9866, 14.4357, 5.7621, 2.4251, 2.7282, 5.4812], "var_ts_data": [-7.8772, -5.0543, -6.5952, -9.3003, -7.3373, -6.5096, -7.7448, -7.8312, -6.8851, -8.1572, -5.0591, -8.1871, -8.849, -8.1403, -7.7537, -8.7182, -9.385, -9.1089, -7.0279, -7.4093, -8.3735, -6.1289, -7.9872, -9.2646, -6.6319, -6.8373, -7.6344, -6.4707, -9.0031, -5.7543, -7.6599, -8.0033, -7.0843, -7.4979, -8.8743, -9.0093, -6.269, -8.4916, -7.8823, -7.6452, -6.9472, -5.2518, -9.8129, -6.5557, -5.6986, -4.7343, -6.4375, -6.4861, -7.2732, -8.4443, -7.8892, -8.2515, -9.4809, -8.6008, -4.114, -6.2562, -6.7562, -6.3726, -5.9206, -5.9203, -6.2573]}