{"index_reg_data": [0.5432164274880864, -0.07935968991912616, 12.299663511369648, -0.04804943945002645], "var_reg_data": [0.6018442435394847, 0.06813512403367493, 5.611693125330515, 0.004711977789529351], "index_ts_data": [9.4147, 18.2378, 4.978, 0.9141, 21.0981, 29.6745, 10.3052, 4.2703, 2.8483, 3.7416, 2.6987, 9.9932, 3.9183, 53.4453, 11.203, 10.0668, 5.764, 6.1988, 3.1374, 15.1, 37.8842, 4.5686, 3.5902, 7.344, 1.8419, 1.2864, 11.2836, 31.2256, 1.4828, 5.8551, 10.1818, 25.2477, 18.3794, 21.0166, 1.1964, 11.991, 7.9058, 9.6997, 0.4969, 2.0326, 6.3956, 6.2091, 9.4892, 33.271, 13.5788, 3.9701, 20.3115, 18.7138, 10.6167, 1.8313, 35.0009, 12.8821, 3.0661, 2.6898, 4.1818, 1.8326, 1.5628, 7.111, 1.9332, 15.6058, 10.5774], "var_ts_data": [5.7179, 5.2977, 7.7409, 6.5915, 5.2795, 5.2228, 3.9553, 6.2049, 5.996, 5.4788, 7.3477, 6.0216, 6.2703, 1.6917, 5.4436, 5.5877, 4.9056, 5.4059, 5.4465, 5.0126, 4.6586, 5.91, 6.6897, 5.4975, 6.0364, 7.9549, 5.849, 2.4999, 7.3879, 5.7891, 6.1875, 5.7968, 4.9232, 4.3453, 7.1044, 7.3575, 5.0686, 7.8645, 7.0557, 6.9245, 7.0242, 4.9508, 5.7855, 3.9663, 4.0214, 5.8771, 4.6698, 5.0863, 6.7402, 7.0021, 3.9047, 5.3539, 5.6239, 6.7596, 7.5294, 7.6878, 5.5488, 5.571, 5.792, 4.9312, 5.5907]}