{"index_reg_data": [0.3889763021657765, -0.11227399042356222, 13.823028397673188, -0.07699455314648333], "var_reg_data": [0.3004792910252321, 0.13475207309339063, -7.656363881544156, 0.010421364357482817], "index_ts_data": [11.1681, 18.7535, 5.9618, 0.7409, 24.0523, 23.4924, 10.57, 5.8408, 3.9628, 4.6463, 1.38, 9.3771, 4.4835, 66.6523, 12.2353, 10.885, 7.1485, 9.9462, 5.3402, 16.658, 38.2002, 4.5495, 3.1994, 8.8644, 1.2104, 1.8128, 11.617, 37.4155, 1.7276, 5.5023, 10.7735, 27.0809, 20.1777, 23.288, 0.4367, 8.7297, 11.2989, 7.6819, 0.5554, 4.3354, 5.6839, 5.8771, 9.4389, 38.5596, 16.9428, 7.2928, 20.9936, 13.3381, 9.0519, 1.3926, 38.7168, 11.7938, 1.7033, 3.3729, 4.1114, 0.4005, 2.6863, 4.4931, 1.5468, 12.088, 11.0683], "var_ts_data": [-8.0751, -8.4334, -6.3735, -6.0483, -8.2239, -7.5864, -8.4421, -7.0363, -6.7978, -7.1825, -5.3673, -5.9454, -7.0525, -12.3348, -7.3818, -7.9274, -7.9715, -7.9844, -7.2124, -7.8851, -8.9477, -7.3587, -6.974, -7.8738, -6.053, -6.6453, -8.0496, -10.7957, -5.8751, -6.5564, -7.4857, -7.6229, -7.9751, -8.427, -5.5895, -6.2041, -8.1583, -5.5374, -4.5257, -6.527, -6.4915, -7.9602, -7.2188, -9.8439, -9.2423, -7.8992, -7.8336, -7.9625, -5.7879, -6.0445, -9.5757, -8.2967, -6.4239, -6.6444, -5.9932, -4.7567, -6.4031, -6.9265, -6.2315, -8.2863, -7.7008]}
