{"index_reg_data": [3.860297998765046e-06, -0.45600537671471236, 5.8883062933930574, -0.06453660296933136], "var_reg_data": [4.389207721677968e-18, 0.7482971755571702, -6.726728286674133, 0.05076711483581982], "index_ts_data": [0.4005, 2.6863, 4.4931, 1.5468, 12.088, 11.0683, 8.4817, 2.0932, 2.5164, 9.6193, 14.1505, 10.1054, 1.3016, 1.9795, 7.02, 3.2295, 0.1917, 6.3281, 13.9747, 2.2226, 3.6539, 0.5698, 0.5987, 1.0284, 0.3067, 10.4467, 5.0883, 9.725, 16.5747, 2.086, 6.6061, 1.8009, 1.3707, 6.0576, 0.7745, 5.0344, 0.3875, 1.0908, 0.117, 0.711, 3.6915, 1.9846, 0.4889, 0.9059, 2.2084, 0.1873, 0.984, 0.2285, 14.6293, 2.4661, 8.6442, 0.097, 0.3894, 3.298, 0.8838, 3.3546, 0.1274, 0.0161, 0.2826, 0.7722, 1.0243, 3.892, 0.1596, 1.5894, 0.8125, 0.1826, 2.5749, 1.5914, 0.5101, 0.4672, 0.0906, 0.3582, 0.7927, 0.88, 0.0371, 4.1566, 0.4195, 0.0272, 1.8418, 1.301, 1.1701, 0.6634, 0.1238, 1.2321, 7.048, 0.2854, 0.1113, 0.2374, 0.5525, 0.1985, 0.5392, 0.1234, 0.4356, 0.8162], "var_ts_data": [-4.7567, -6.4031, -6.9265, -6.2315, -8.2863, -7.7008, -6.9064, -6.038, -6.0565, -7.3047, -7.2472, -5.7501, -4.5494, -5.7373, -7.3541, -4.7738, -4.2567, -7.2484, -6.3182, -5.1721, -4.8078, -5.2714, -4.735, -5.6651, -3.9071, -6.1999, -5.3334, -8.1738, -8.2612, -3.9409, -7.4443, -4.9696, -4.8876, -5.1121, -3.5412, -6.1729, -5.3021, -5.393, -3.9004, -4.2841, -4.5492, -5.3497, -4.0947, -4.8971, -3.4749, -2.9039, -4.2946, -3.3719, -6.4027, -4.3931, -6.6611, -3.4957, -2.9738, -5.0437, -3.3893, -5.1386, -2.6041, -1.4802, -3.4196, -1.9543, -3.1945, -3.6746, -2.463, -3.8847, -2.5765, -3.5939, -5.7543, -3.3279, -2.2414, -3.8614, -1.2215, -2.7785, -3.8577, -2.7659, -1.464, -4.575, -2.181, -1.2786, -4.7045, -2.0215, -4.2411, -2.1127, -2.2435, -3.7691, -6.3875, -1.5942, -1.0358, -2.6736, -1.8253, -2.4146, -2.682, -0.5014, -3.3351, -1.9602]}