{"index_reg_data": [0.9435378141930095, -0.009259454282516386, 11.22001226864093, -0.004914288736118451], "var_reg_data": [0.8239439951860776, -0.029080623608543098, 5.884005711263882, -0.0023608461131676387], "index_ts_data": [2.2264, 2.7214, 1.1556, 17.2824, 29.3848, 12.1163, 7.9578, 4.2439, 4.0456, 16.6543, 2.0602, 21.2098, 6.0, 1.5087, 12.7275, 11.042, 4.5149, 14.0914, 3.5802, 27.0508, 23.4758, 17.9339, 25.6745, 7.685, 14.044, 1.7999, 3.7939, 15.4631, 11.839, 19.7191, 14.1907, 28.6062, 10.8056, 14.2501, 23.1021, 3.0065, 20.7429, 1.8647, 5.4752, 13.0421, 4.1041, 2.0544, 5.8104, 1.4314, 2.8545, 21.3626, 1.7916, 11.0282, 0.9169, 7.1587, 6.3346, 16.821, 49.2799, 10.1274, 1.3866, 11.0767, 0.8799, 17.1384, 1.8669, 9.0722, 14.8429], "var_ts_data": [7.5111, 5.1839, 7.6373, 6.287, 4.4237, 5.5711, 5.8894, 7.801, 8.3854, 5.405, 7.0679, 6.8649, 7.09, 7.6961, 5.7857, 3.6126, 6.6961, 5.3079, 5.7706, 3.9597, 3.2569, 4.7583, 5.1218, 4.8577, 4.715, 4.8398, 6.9556, 4.1768, 7.7818, 4.8968, 4.6937, 4.4425, 5.1332, 5.2195, 3.5934, 6.0754, 2.5191, 7.1853, 5.8105, 6.1635, 6.5364, 7.6037, 5.1228, 5.7377, 5.5962, 3.1383, 9.1248, 6.8666, 7.5863, 6.8665, 5.8563, 5.8707, 2.4066, 5.8294, 5.8978, 5.907, 8.011, 6.4793, 6.9874, 5.4422, 5.594]}