{"index_reg_data": [0.9989752736777537, 0.0001679121350783848, 11.680384875727126, 9.684294024328452e-05], "var_reg_data": [0.8137326231008752, -0.030797189081053628, -7.306676837652037, -0.0023943786356425156], "index_ts_data": [3.0502, 3.9388, 0.2793, 14.3175, 28.3513, 15.4954, 9.9569, 4.5191, 1.8578, 12.1569, 1.7632, 21.3726, 11.9237, 1.8601, 15.7684, 10.1429, 3.0471, 17.7005, 3.1365, 27.3828, 28.1994, 15.2216, 28.6335, 11.1185, 16.2055, 2.2217, 4.227, 15.0894, 7.4192, 20.6964, 14.8823, 26.5957, 7.6578, 19.0957, 25.454, 3.5664, 24.3877, 1.7862, 10.8405, 17.0454, 3.4882, 2.1325, 4.3388, 1.3702, 3.6199, 27.042, 1.9873, 9.1976, 1.4502, 4.7704, 7.423, 15.6542, 54.0264, 10.8213, 1.1641, 10.4029, 0.6228, 19.5591, 1.3986, 7.6219, 16.2244], "var_ts_data": [-6.0397, -7.0443, -5.2276, -6.6852, -9.2264, -7.9492, -8.0468, -5.7365, -5.2785, -6.4432, -5.6886, -7.4187, -7.4163, -6.1089, -6.5938, -8.6079, -6.2336, -8.347, -7.6332, -9.1515, -9.7673, -8.4062, -8.686, -8.3988, -8.0515, -7.162, -6.2302, -8.9467, -6.1373, -7.7949, -7.6487, -8.7856, -7.9172, -8.8171, -9.0195, -6.7755, -10.104, -6.628, -8.182, -7.889, -6.5213, -5.2788, -6.9923, -7.2521, -7.6567, -10.7219, -3.9949, -6.0461, -5.9577, -6.4081, -7.7698, -7.3264, -10.3235, -7.4007, -6.659, -7.2822, -5.1652, -7.1504, -5.714, -7.7576, -8.4859]}