{"index_reg_data": [0.0007686433599493806, -0.3410535143439157, 9.84427346024636, -0.1105937326156847], "var_reg_data": [2.401583784450698e-14, 0.6858319853160257, -6.791806741321389, 0.047203142000505724], "index_ts_data": [10.4029, 0.6228, 19.5591, 1.3986, 7.6219, 16.2244, 2.8471, 0.2943, 0.9467, 12.7313, 15.7333, 12.8062, 2.5282, 0.6687, 5.5439, 0.5015, 7.5819, 51.7355, 6.8729, 1.7682, 2.2497, 40.0515, 4.4196, 1.2973, 1.6923, 1.9648, 0.3418, 2.3541, 6.6217, 0.9247, 15.7724, 42.0456, 3.075, 0.9723, 0.4728, 5.2807, 4.7172, 1.2259, 0.1456, 7.5306, 8.3831, 0.1366, 1.0676, 0.1916, 4.1828, 3.6129, 1.9708, 0.5944, 0.3406, 2.0323, 7.3477, 30.2286, 5.3463, 5.4614, 0.1274, 6.8515, 0.4515, 0.5178, 5.1298, 0.0823, 0.3162, 0.8457, 1.8948, 0.4658, 0.3079, 0.5052, 0.1042, 1.472, 0.329, 1.4554, 0.0247, 0.2766, 0.6768, 0.8119, 5.8464, 1.0977, 0.4433, 0.0325, 0.0861, 3.9188, 2.546, 0.3941, 0.036, 1.2891, 3.786, 0.1989, 0.1013, 0.1687, 3.4795, 0.6051, 0.2923, 2.3447, 0.1563, 0.0455], "var_ts_data": [-7.2822, -5.1652, -7.1504, -5.714, -7.7576, -8.4859, -5.1884, -3.8527, -5.7607, -7.0589, -6.373, -7.5912, -5.1573, -5.103, -7.3705, -4.0383, -7.1081, -8.6811, -5.2088, -6.3851, -5.8433, -9.7101, -3.8427, -5.0972, -5.2307, -5.2217, -3.8875, -3.0358, -5.4765, -4.3802, -6.4884, -9.0008, -4.3677, -6.3478, -4.2597, -5.3678, -5.7219, -3.9904, -3.2894, -6.6276, -6.0982, -3.3013, -5.7208, -5.1197, -6.3565, -6.3891, -4.4583, -2.5464, -1.4357, -3.0326, -6.4508, -5.7031, -4.8959, -5.6748, -2.3378, -6.6848, -3.9245, -3.3852, -5.0695, -3.6213, -3.3469, -4.5987, -5.3416, -2.9662, -2.4015, -3.1587, -2.6554, -4.9834, -4.1572, -3.0832, -0.8085, -4.4633, -3.5048, -3.5397, -5.959, -4.4424, -3.2635, -1.5033, -2.3177, -2.8759, -3.9667, -3.0199, -2.3987, -2.6592, -3.0486, -1.8235, -2.5528, -2.143, -3.8819, -3.2305, -2.6013, -1.8439, -2.535, -1.2031]}