{"index_reg_data": [0.5975911645252905, -0.06893210840800687, 12.11630549973559, -0.04857991010047592], "var_reg_data": [0.30957837525817444, 0.13226276228766204, 5.510411951348492, 0.011342607086197783], "index_ts_data": [0.9736, 21.162, 6.8839, 6.1878, 19.8928, 2.8086, 3.5, 8.6037, 0.5221, 8.6235, 3.0604, 3.9849, 3.8051, 1.9393, 23.4754, 64.3277, 6.1205, 16.5862, 1.7438, 5.0798, 7.508, 7.7268, 20.7238, 14.3003, 12.7383, 7.4431, 21.8124, 9.8819, 4.698, 2.2866, 0.9067, 12.7722, 2.6671, 7.3694, 11.3513, 56.1913, 7.9791, 28.8629, 46.6456, 6.6272, 1.7447, 31.9403, 9.4718, 4.0955, 8.3824, 6.9573, 4.5116, 2.7207, 12.7834, 8.4823, 6.615, 9.8314, 6.7121, 4.5926, 1.0759, 5.7879, 11.5214, 0.3111, 6.933, 3.8382, 2.1117], "var_ts_data": [7.2459, 3.5163, 5.851, 7.7524, 4.617, 5.811, 6.9521, 5.2611, 7.7465, 5.5818, 7.3325, 5.5902, 7.0253, 5.8694, 3.3547, 0.6593, 6.3245, 3.5672, 7.0511, 4.7107, 5.4577, 7.0102, 5.4448, 5.251, 7.3551, 4.615, 6.4345, 5.5314, 7.5807, 7.3243, 8.1302, 4.609, 5.7088, 4.9135, 5.5334, 3.7175, 6.488, 5.3902, 2.285, 5.7453, 8.0464, 2.2538, 6.0938, 5.0397, 5.4137, 6.7853, 5.7101, 5.7011, 6.7747, 7.8544, 5.6042, 5.4631, 5.8382, 6.2776, 6.5676, 5.3653, 5.7554, 8.7641, 7.7107, 6.6279, 6.8994]}