{"index_reg_data": [1.2874323580002085e-07, -0.5125045730031343, 4.603338880179171, -0.05621053643030018], "var_reg_data": [2.27953173286453e-24, 0.823452421659333, -6.641640559910415, 0.06614392876494599], "index_ts_data": [8.8429, 13.9256, 1.0367, 4.8557, 4.5541, 1.7535, 1.423, 11.9684, 10.2365, 1.123, 2.807, 6.959, 2.3433, 0.2677, 7.4443, 5.2603, 1.2168, 1.9537, 1.2987, 5.823, 2.2302, 5.6745, 1.4058, 10.6655, 0.8883, 0.7395, 0.0553, 3.0233, 1.5283, 3.1894, 2.399, 0.372, 0.6359, 0.4622, 0.2869, 2.1077, 3.565, 0.4288, 0.5237, 3.81, 0.0337, 0.6094, 0.947, 0.6097, 0.9372, 3.5069, 0.2079, 0.2286, 4.2749, 0.2112, 2.8144, 12.4884, 0.3199, 0.3675, 0.0599, 0.5897, 1.935, 0.4807, 0.0094, 1.1948, 1.1561, 0.3071, 0.0213, 0.0889, 0.6338, 0.0027, 0.5182, 0.0348, 0.1205, 1.809, 0.5712, 0.3186, 0.0389, 0.0011, 0.0069, 0.0775, 0.0011, 0.0018, 0.0258, 2.8199, 0.4721, 0.0703, 0.0191, 0.1676, 0.2792, 0.0544, 3.2128, 0.0869, 1.1873, 0.0022, 0.1786, 0.0081, 1.7994, 0.0137], "var_ts_data": [-7.8174, -7.9985, -5.2721, -4.5035, -5.5633, -6.0961, -3.9943, -6.2922, -8.7764, -5.2938, -5.8934, -7.4178, -5.8906, -4.1299, -7.8242, -8.1412, -5.177, -4.7231, -5.2529, -8.0533, -4.7872, -5.9185, -6.1429, -5.0256, -4.9247, -4.9962, -3.7236, -4.2301, -4.3335, -5.0561, -4.6492, -4.1542, -3.0044, -3.9806, -3.4742, -3.4731, -5.6462, -3.5846, -3.8207, -6.6775, -1.7956, -3.5663, -2.6972, -2.7268, -3.1042, -5.293, -2.9357, -4.7847, -4.934, -2.8129, -4.2512, -3.7482, -2.9507, -2.2614, -1.4348, -2.8625, -4.1249, -4.0052, -2.1682, -3.7748, -3.8425, -2.088, -2.4662, -1.878, -3.6284, -0.0596, -2.633, -1.1786, -3.618, -3.5036, -3.0224, -2.559, -0.4798, 0.0426, -0.55, -3.0663, -0.5613, 0.8567, -0.6565, -0.8619, -1.5963, -0.9103, -2.095, 0.0009, -2.6755, -1.3332, -5.0688, -0.5959, -1.4809, 0.1604, -1.6128, -0.2534, -0.0932, 0.0551]}