{"index_reg_data": [0.4527307190820652, -0.09793367562440325, 13.966956848228449, -0.07263052882072978], "var_reg_data": [0.13571013524666403, 0.19321773327711123, -7.827128714965626, 0.017155055526176625], "index_ts_data": [0.7429, 23.7103, 10.3682, 7.4272, 32.6927, 2.4203, 5.0929, 10.1766, 1.1279, 11.6396, 3.7747, 5.7427, 4.5886, 2.1327, 24.2014, 67.8926, 5.4587, 19.5952, 3.3798, 5.4032, 10.7276, 6.5427, 21.731, 12.8713, 12.7691, 9.4814, 21.6467, 8.8165, 5.6906, 4.1263, 1.1188, 12.5649, 2.9852, 7.8561, 10.2618, 56.8886, 5.6546, 27.4527, 50.7654, 6.0696, 1.3818, 32.9748, 12.6648, 8.6856, 12.2043, 6.192, 4.6063, 4.741, 13.481, 11.8376, 10.3717, 11.2493, 4.9379, 3.749, 1.4358, 8.8429, 13.9256, 1.0367, 4.8557, 4.5541, 1.7535], "var_ts_data": [-6.1362, -10.3071, -7.1725, -6.0173, -8.5836, -6.586, -6.9556, -8.0326, -5.8072, -8.1434, -6.1956, -7.5232, -6.5122, -6.8506, -9.8939, -12.8212, -6.8884, -9.8598, -5.7617, -8.4478, -7.9258, -6.2516, -7.98, -6.9381, -5.9279, -8.6744, -6.3733, -7.9471, -6.3762, -6.5645, -4.5996, -7.4946, -6.8849, -8.304, -6.6697, -9.2664, -7.41, -7.6159, -10.6555, -6.58, -4.7272, -10.6561, -7.3365, -8.6195, -8.3686, -5.8967, -6.5367, -7.6212, -6.0763, -5.6093, -8.2152, -8.2573, -7.1339, -6.5928, -6.2275, -7.8174, -7.9985, -5.2721, -4.5035, -5.5633, -6.0961]}