{"index_reg_data": [0.5129623092191203, 0.0853789793580281, 10.069945372818614, 0.04431832363828663], "var_reg_data": [0.2649999371641398, 0.14495997126104052, 5.466807667900583, 0.012524389212057115], "index_ts_data": [12.2541, 7.0137, 2.924, 10.5447, 4.8744, 7.1194, 6.1254, 5.0481, 15.1327, 5.2618, 9.9592, 7.4362, 25.8797, 5.5964, 21.3964, 1.4011, 21.7015, 8.2854, 7.0945, 14.2559, 30.4646, 7.2566, 8.0037, 2.9755, 2.0043, 3.6586, 12.5809, 15.4973, 2.1983, 10.0166, 15.967, 9.6667, 26.6146, 11.0453, 26.3957, 37.5209, 18.4694, 28.9823, 3.6359, 4.0663, 13.7431, 5.7019, 2.6872, 9.0906, 15.5231, 10.4144, 8.0631, 6.6796, 3.6862, 9.2528, 23.2176, 2.265, 0.7373, 15.6463, 19.9261, 2.246, 42.9389, 1.4344, 9.8248, 7.4567, 8.509], "var_ts_data": [5.3984, 6.7595, 5.7598, 6.9486, 5.4099, 5.8925, 5.556, 6.7185, 3.9286, 7.7724, 5.2321, 6.1165, 3.2909, 5.1867, 4.4758, 7.6761, 5.5062, 6.1412, 5.8897, 4.2151, 3.3586, 6.314, 4.5092, 7.2402, 9.2687, 5.9211, 5.2638, 5.6502, 8.8048, 4.5743, 3.9553, 5.972, 4.5408, 5.3837, 3.8502, 4.5547, 4.3943, 3.967, 8.3281, 4.9261, 5.1809, 5.9607, 6.3681, 4.7568, 6.3089, 6.2567, 4.7881, 7.3741, 6.9069, 5.8337, 4.1255, 9.1453, 6.3754, 4.2621, 5.1707, 8.8556, 4.312, 10.1757, 7.9248, 5.5907, 6.0706]}