{"index_reg_data": [1.5277774542080052e-06, -0.4724344924991516, 10.867013908174693, -0.13946447205866416], "var_reg_data": [1.4796059139896382e-23, 0.8153430540174613, -6.914352586786114, 0.06949408445616442], "index_ts_data": [2.2896, 52.7181, 0.8131, 8.4987, 9.2268, 5.7322, 2.1296, 9.4696, 14.6184, 16.0652, 5.1207, 10.7595, 3.0527, 26.5082, 17.6977, 22.3787, 0.8579, 21.4517, 16.1236, 1.7535, 0.6725, 0.7406, 15.9829, 2.1756, 2.4725, 1.6603, 1.1787, 1.7776, 4.3385, 3.1053, 6.2791, 2.3785, 0.1539, 0.6683, 1.875, 2.0615, 4.8532, 13.2398, 30.2221, 0.8316, 0.4762, 3.5897, 1.3719, 0.0361, 6.1662, 0.1413, 3.9266, 0.2081, 1.112, 0.8006, 0.3506, 0.6262, 8.8562, 0.5101, 0.4387, 0.3112, 0.0716, 0.4577, 0.5426, 0.6608, 0.8257, 2.9465, 0.0532, 15.7284, 0.0746, 1.5931, 0.2499, 0.008, 0.1964, 0.6222, 0.2732, 0.7481, 0.3319, 1.7313, 0.2079, 0.293, 0.2524, 0.624, 0.0159, 3.6375, 0.093, 0.4902, 0.357, 0.3484, 0.2593, 0.8501, 0.3284, 0.6894, 1.0867, 0.0027, 0.4263, 1.356, 0.4022, 0.2098], "var_ts_data": [-4.8564, -9.4727, -3.6586, -4.9394, -6.933, -6.5935, -4.7417, -6.2576, -7.5913, -7.2486, -6.5575, -7.6762, -5.9912, -8.0492, -6.6507, -10.0154, -4.1045, -6.2395, -4.7664, -4.9135, -5.0089, -4.0093, -6.968, -3.8705, -5.5508, -5.1016, -4.2183, -5.9813, -6.3816, -4.4313, -5.381, -4.7089, -2.341, -3.6238, -5.042, -4.4939, -5.3797, -5.9437, -8.0578, -3.7119, -3.7022, -4.2708, -3.9367, -1.661, -6.8592, -3.7723, -3.6661, -3.7095, -4.09, -2.8382, -2.9818, -0.8879, -5.9607, -2.0321, -3.3741, -2.5088, -2.1533, -3.038, -1.3091, -3.2032, -2.0279, -1.9865, -1.4666, -4.0522, -0.6408, -4.6704, -0.3664, -0.1344, -1.95, -2.4711, -2.458, -2.2413, -2.1437, -1.5599, -1.4165, -1.1632, -0.8492, -2.3965, 0.1568, -2.1506, -0.9064, -1.1769, -1.8087, -0.8381, -1.5876, -1.7254, -1.0869, -1.0739, -3.1936, 0.7908, -0.0579, -2.0631, -0.4419, -1.6153]}