{"index_reg_data": [0.49766622247957304, 0.08849040498459032, 10.746089529349552, 0.05176100475938659], "var_reg_data": [0.10603173754348089, 0.20897592711995075, -7.790438339502907, 0.01569100475938657], "index_ts_data": [16.7094, 9.0188, 2.2254, 7.7329, 4.4875, 9.5849, 5.7773, 4.715, 11.4521, 7.0941, 10.7723, 7.407, 30.5193, 8.9239, 19.8984, 2.9242, 23.1706, 9.8551, 7.0983, 16.9776, 27.3995, 6.2171, 9.2362, 2.3474, 4.7236, 5.9109, 16.8321, 17.1537, 2.4098, 10.2546, 17.4699, 16.4165, 21.7965, 12.276, 24.8899, 45.2648, 19.8828, 26.5228, 3.3413, 2.5965, 14.2722, 7.0856, 3.3522, 11.8992, 11.0929, 13.6427, 7.962, 5.1859, 2.655, 7.0405, 33.7096, 3.3732, 2.4648, 14.4606, 23.4732, 2.2896, 52.7181, 0.8131, 8.4987, 9.2268, 5.7322], "var_ts_data": [-8.3901, -6.8868, -7.212, -5.4435, -6.9077, -8.3522, -7.2308, -6.9465, -8.786, -6.0897, -7.6309, -6.913, -9.8754, -8.2325, -8.2499, -6.8141, -8.1158, -6.971, -7.4918, -8.6485, -8.6628, -7.1127, -8.3579, -6.2306, -6.2413, -7.4257, -7.6654, -7.5411, -4.4901, -8.228, -8.3719, -7.7826, -8.0423, -8.0478, -9.3481, -9.3593, -8.5344, -8.778, -5.1178, -6.9518, -7.2337, -7.4127, -7.0867, -7.4664, -6.2888, -7.3858, -7.2733, -4.7778, -5.8297, -7.3634, -9.0805, -5.1788, -6.843, -8.7124, -8.6378, -4.8564, -9.4727, -3.6586, -4.9394, -6.933, -6.5935]}