{"index_reg_data": [0.16745794834449268, -0.1790164442638748, 13.74914886303543, -0.09321310417768378], "var_reg_data": [0.02950374545864585, 0.2789104332534311, 5.117369645690109, 0.021100301427815975], "index_ts_data": [2.8298, 7.2932, 30.0711, 8.0781, 3.6971, 6.357, 7.6054, 14.5744, 28.8463, 27.4903, 19.8865, 15.0267, 18.5855, 3.3072, 3.9614, 32.2392, 6.8691, 9.1681, 10.1696, 13.7066, 1.0948, 18.2701, 4.0144, 18.2846, 15.8866, 30.7567, 6.3293, 5.1922, 4.6137, 18.4715, 2.3292, 14.4823, 5.4659, 3.7635, 11.4893, 4.6773, 7.1944, 3.5012, 1.3762, 1.657, 4.8199, 2.3374, 31.4709, 19.1535, 14.8681, 16.7117, 1.9409, 1.4135, 14.6625, 24.2032, 1.7913, 11.4499, 20.945, 2.1679, 4.6876, 0.9336, 0.4716, 11.484, 28.2044, 5.5203, 0.2681], "var_ts_data": [6.945, 5.3771, 2.9938, 5.8269, 5.913, 4.5936, 5.4727, 5.8761, 1.8808, 3.2106, 5.3945, 3.9188, 4.782, 6.3238, 5.2244, 5.0624, 7.1863, 4.8602, 6.2167, 4.9162, 8.8692, 4.712, 6.1614, 4.325, 5.2006, 5.2491, 7.0555, 7.5199, 5.5894, 5.0702, 8.3908, 6.5022, 4.7747, 4.7303, 6.4131, 5.6282, 7.445, 6.4611, 7.3959, 7.0777, 5.4445, 6.9841, 2.8982, 5.9859, 6.5488, 5.0701, 7.4043, 6.2992, 4.5215, 4.8765, 7.0395, 5.9326, 5.1216, 6.7106, 5.3543, 7.7681, 7.3504, 4.8097, 4.6128, 6.6635, 6.8307]}