{"index_reg_data": [7.789723950233171e-05, -0.39600055493534714, 7.124505285554312, -0.08438208575660153], "var_reg_data": [3.6890140035597935e-13, 0.662095470086546, -6.37427720044793, 0.05158045226312177], "index_ts_data": [0.826, 0.4704, 13.1991, 41.3722, 4.5545, 0.1447, 10.6741, 3.8727, 5.7486, 1.1478, 22.6241, 1.6979, 8.6284, 9.5535, 22.5861, 5.6078, 0.2105, 0.7428, 0.2346, 0.8672, 0.1449, 16.5823, 3.9418, 0.5812, 2.811, 3.0015, 0.6278, 10.3858, 4.3634, 0.9369, 0.4019, 3.5772, 7.6903, 0.2164, 2.2044, 0.2236, 1.3431, 0.9331, 3.1307, 0.7454, 0.8954, 0.0956, 0.4667, 6.4713, 3.5777, 4.8737, 0.0054, 2.2218, 0.8803, 2.31, 2.9247, 2.2381, 0.1319, 0.2861, 2.7572, 4.0034, 0.6436, 1.1818, 3.489, 2.0677, 0.0237, 0.8761, 1.2306, 2.4205, 5.5035, 0.0013, 1.3262, 0.1013, 0.1436, 0.5172, 0.0018, 0.5202, 0.0009, 0.7388, 3.5776, 0.0488, 0.0422, 1.8191, 0.1545, 0.0716, 1.2493, 0.0561, 0.0039, 4.2657, 5.4862, 0.4122, 4.0586, 3.6339, 0.0017, 0.4025, 0.117, 1.1515, 0.2002, 0.584], "var_ts_data": [-4.8284, -5.147, -9.0225, -9.2315, -5.6927, -4.902, -5.9715, -6.925, -4.5704, -3.9058, -8.0413, -4.3355, -5.1544, -7.2634, -9.1911, -5.4529, -3.421, -4.8981, -5.2943, -3.5813, -3.2947, -7.044, -6.1303, -4.8091, -4.9387, -5.1092, -4.5066, -6.8268, -5.5293, -6.2106, -3.9647, -2.668, -5.7022, -2.1974, -2.1274, -5.4564, -3.227, -4.6617, -4.776, -3.0188, -2.6854, -3.3237, -3.3296, -4.3326, -6.1688, -6.0899, -2.6731, -3.9223, -4.4209, -4.2497, -5.9401, -5.9926, -2.2433, -2.9613, -6.9878, -4.6975, -1.8481, -1.2652, -4.807, -3.7586, -3.1284, -4.9278, -4.5309, -3.3999, -6.4162, -0.613, -4.7472, -2.9529, -2.9081, -3.6763, -0.5257, -1.59, -0.4112, -3.8, -6.5618, -1.0765, -1.3915, -4.073, -0.9384, -1.6858, -3.6342, -0.718, -0.4328, -1.2746, -4.3313, -1.6044, -2.2527, -2.7165, 0.6481, -1.5913, -0.1687, -1.2438, -3.5559, -0.7667]}