{"index_reg_data": [0.16138905896644215, -0.18156673305705118, 16.532865679534638, -0.11743382866208357], "var_reg_data": [0.015407849469695615, 0.3089499449434727, -8.26806044420941, 0.028682998413537813], "index_ts_data": [2.1588, 8.4851, 46.2755, 10.907, 2.9701, 10.1777, 9.6992, 15.2083, 37.8751, 28.0633, 18.0795, 21.1999, 21.3322, 5.2463, 3.91, 39.0081, 8.6538, 10.0787, 14.2534, 19.2029, 0.5667, 19.5183, 3.5447, 20.9143, 15.9323, 34.841, 6.5448, 4.8375, 5.2521, 23.4826, 4.6135, 17.3852, 6.5457, 3.73, 12.0407, 6.3269, 6.5765, 2.8754, 1.8223, 1.6965, 7.1678, 2.527, 31.4311, 20.1407, 24.0907, 14.3858, 2.755, 2.5816, 16.3948, 26.2729, 3.0493, 15.3826, 26.8529, 2.2201, 5.9498, 0.826, 0.4704, 13.1991, 41.3722, 4.5545, 0.1447], "var_ts_data": [-5.2992, -7.3589, -11.3392, -7.2984, -6.1707, -8.7258, -8.7831, -7.945, -12.2178, -9.8295, -7.3736, -9.8891, -8.5432, -6.7706, -7.0178, -9.0228, -6.5773, -8.3625, -7.0031, -8.4169, -4.2957, -9.1893, -5.8902, -8.4002, -8.1261, -8.8965, -5.9671, -5.527, -7.6034, -8.3203, -5.7004, -7.3644, -8.0509, -8.0766, -7.3559, -7.6203, -5.3603, -5.1985, -6.105, -6.7851, -8.2124, -5.5929, -10.2897, -7.0539, -6.9723, -7.9195, -5.8717, -5.7287, -8.4067, -8.0832, -5.376, -7.6433, -8.4612, -5.6987, -7.9498, -4.8284, -5.147, -9.0225, -9.2315, -5.6927, -4.902]}