{"index_reg_data": [0.3407003070513206, -0.12408603760258542, 12.6801980433633, -0.05901408778424113], "var_reg_data": [0.37188849460967977, 0.11634747248545571, 5.5165881015335785, 0.007987445795875205], "index_ts_data": [14.96, 13.3947, 2.9176, 5.8819, 4.9746, 14.9864, 12.9423, 2.7799, 10.256, 20.2862, 11.1469, 10.9572, 14.8106, 11.3678, 11.4256, 2.3896, 22.5648, 26.8174, 11.6765, 2.7978, 4.3022, 2.3962, 24.4096, 18.3162, 9.7086, 8.8308, 16.9226, 5.2538, 17.2861, 27.9343, 4.7852, 2.2096, 6.38, 37.8225, 3.2514, 27.0198, 6.3026, 9.3687, 4.0916, 9.3739, 17.3901, 3.4711, 23.3904, 1.6586, 11.5676, 6.0894, 3.2027, 2.2033, 8.7083, 31.3588, 20.0313, 3.5795, 3.557, 5.1332, 4.7691, 6.3715, 15.9027, 11.6427, 2.8898, 5.427, 1.8527], "var_ts_data": [4.5796, 5.5238, 6.4593, 5.9755, 6.6168, 6.2677, 6.0112, 6.0801, 6.425, 5.6672, 4.8579, 4.5962, 3.9732, 5.004, 5.1093, 6.5823, 5.3035, 4.7489, 6.5837, 8.8212, 5.6213, 6.9701, 2.3667, 5.8349, 4.465, 5.9943, 3.9396, 5.977, 4.6854, 4.7755, 5.5914, 7.0223, 5.0305, 4.5321, 6.9008, 5.8827, 6.2568, 6.087, 6.8658, 6.4517, 4.0207, 7.4905, 4.2941, 8.9007, 5.0438, 6.4644, 6.6166, 7.4631, 5.5689, 3.1455, 3.7004, 6.9614, 6.1497, 6.2137, 7.1089, 5.934, 5.2836, 4.9546, 6.8085, 6.2938, 6.2747]}