{"index_reg_data": [0.27770269228664696, -0.14120678431089928, 14.356088789000529, -0.07383006345848758], "var_reg_data": [0.28556724468355027, 0.13893998589004974, -7.7353413537810685, 0.009713400317292445], "index_ts_data": [16.7015, 20.8353, 1.2064, 5.3855, 3.8395, 16.1724, 16.0335, 5.5764, 14.1312, 23.8942, 10.0251, 10.9385, 17.3157, 15.4669, 11.132, 1.8803, 27.588, 27.2557, 15.4207, 3.1723, 2.878, 3.1519, 30.8864, 21.4222, 12.9172, 9.0488, 21.6687, 5.9511, 21.1156, 26.6955, 3.1378, 0.607, 5.3583, 33.6493, 3.4501, 28.0219, 6.1984, 10.7312, 3.0208, 9.374, 19.1483, 3.2869, 28.772, 1.6156, 11.4125, 3.7053, 6.9451, 2.2397, 12.0364, 33.0289, 19.4393, 4.6109, 4.9363, 6.6074, 4.2253, 8.3864, 18.2856, 17.6256, 3.7534, 3.8744, 3.4218], "var_ts_data": [-8.6745, -7.7374, -6.0247, -7.2018, -6.2551, -7.5904, -8.1553, -7.3998, -6.7361, -8.392, -7.9464, -7.7307, -8.9794, -8.2167, -8.1674, -6.0755, -8.2308, -8.7601, -7.6784, -4.7859, -6.1968, -6.1783, -10.9863, -8.4021, -8.94, -7.148, -9.174, -7.3732, -8.8937, -8.2638, -7.0838, -5.2342, -7.8857, -8.6856, -5.5547, -7.2859, -6.2593, -7.7336, -5.8843, -7.2945, -8.8809, -6.2797, -9.1656, -5.3585, -7.9035, -5.9341, -6.9563, -6.801, -8.0675, -9.3852, -8.761, -6.2681, -6.5104, -6.3904, -6.0604, -7.895, -7.9216, -9.0232, -6.2428, -6.2293, -6.8496]}