{"index_reg_data": [4.340082755267623e-09, -0.5601842288521336, 8.7163720268757, -0.10325659357728571], "var_reg_data": [5.060959332616472e-22, 0.7988643698087272, -7.179941187010078, 0.07232456453419064], "index_ts_data": [8.3864, 18.2856, 17.6256, 3.7534, 3.8744, 3.4218, 6.3224, 20.5593, 3.3987, 5.3077, 2.7877, 5.5053, 12.7454, 5.3252, 14.0074, 15.724, 16.2779, 2.2084, 5.8475, 2.1615, 0.8441, 2.2262, 0.4699, 14.0789, 7.6174, 8.1134, 16.32, 0.5254, 9.0782, 5.6631, 0.674, 7.446, 0.0385, 0.0304, 0.3065, 6.619, 0.623, 0.8648, 6.0758, 7.5217, 9.4316, 1.4493, 0.927, 4.3473, 2.5541, 11.6301, 11.6056, 1.1212, 3.8008, 1.6469, 8.1776, 2.6953, 0.3377, 0.7723, 0.2628, 0.0082, 0.015, 4.0022, 0.9603, 0.2906, 0.0208, 0.1477, 2.4157, 1.7266, 0.1727, 0.1792, 0.4137, 0.1566, 0.0054, 0.0078, 0.5152, 0.1977, 0.1314, 0.0297, 0.7494, 2.0703, 0.0194, 0.0036, 0.045, 0.3672, 4.4117, 0.2937, 1.9512, 8.1312, 0.544, 0.118, 6.8039, 0.0123, 0.0055, 0.5521, 0.0253, 0.6513, 0.4257, 0.0056], "var_ts_data": [-7.895, -7.9216, -9.0232, -6.2428, -6.2293, -6.8496, -6.549, -5.9651, -5.2232, -5.182, -3.8216, -6.8619, -7.6099, -5.768, -8.0948, -7.2602, -7.2368, -4.4994, -6.8903, -4.4488, -4.4917, -6.1793, -4.0106, -9.2747, -5.8613, -6.3542, -5.4419, -4.9234, -5.2729, -7.0433, -3.8486, -5.9523, -2.186, -2.1844, -4.4016, -5.7425, -3.6834, -3.6228, -5.7327, -4.7041, -3.7373, -3.821, -2.7082, -6.0155, -4.2126, -5.8888, -6.5012, -3.6148, -5.8963, -5.2888, -5.7816, -4.4992, -2.0932, -2.9381, -3.6311, -0.3106, -1.2374, -4.1066, -2.0177, -1.5806, -1.0064, -2.3851, -3.9292, -2.5591, -0.6262, -1.8875, -1.0865, -1.4287, -0.4389, -0.3642, -1.889, -2.628, -0.1992, -0.7065, -3.2772, -1.963, -0.3359, -0.3129, 0.0227, -1.3164, -5.3955, -1.6783, -1.9426, -3.3179, -3.7091, -1.0183, -4.2409, 0.4894, 0.935, -1.6069, 0.0219, -1.3027, -2.1796, 0.8437]}