{"index_reg_data": [0.425127531534504, -0.10399077477698274, 13.293682390269696, -0.05825006874669489], "var_reg_data": [0.23510193001706808, 0.15430028330917028, 5.421911686938128, 0.012845129561078793], "index_ts_data": [15.3035, 13.9584, 10.6062, 2.4871, 18.9971, 8.6972, 13.8511, 6.0233, 5.3492, 16.8952, 3.5355, 15.2494, 14.0922, 3.2963, 14.8891, 8.39, 27.0429, 33.6488, 9.785, 25.8626, 50.8502, 1.8344, 1.6993, 1.7248, 18.5529, 15.1489, 7.9125, 4.0164, 7.3714, 4.1603, 6.5953, 1.5898, 10.4316, 15.6523, 15.9294, 10.2561, 17.4624, 6.3284, 14.1222, 17.6794, 1.744, 11.7791, 10.1481, 12.0364, 25.9098, 9.9197, 3.1215, 23.4769, 2.1145, 0.5178, 3.003, 0.2639, 1.1359, 21.1607, 3.4274, 3.9973, 7.1016, 34.7461, 1.6906, 27.4342, 2.3104], "var_ts_data": [7.2817, 4.3274, 6.2012, 7.5014, 3.3482, 4.4277, 3.6257, 6.4529, 5.8707, 4.5316, 6.2428, 5.4256, 6.9652, 6.7273, 4.5938, 6.0745, 5.3224, 4.4071, 4.6703, 5.6635, 3.7378, 9.0924, 5.8362, 6.9947, 5.8129, 5.2612, 6.9066, 7.3073, 3.7294, 7.4003, 6.5045, 6.6468, 7.4432, 3.3686, 5.1461, 4.5003, 4.2075, 6.7729, 5.5572, 4.3138, 7.3265, 3.3866, 6.0026, 4.8431, 5.5295, 4.8626, 6.1028, 4.7199, 7.0139, 6.976, 4.8041, 9.612, 7.7088, 4.5368, 5.9114, 7.9885, 6.3785, 3.6277, 6.68, 5.0095, 9.0217]}