{"index_reg_data": [0.4658142125082496, -0.09513414694446877, 14.511921998942357, -0.06195390269698572], "var_reg_data": [0.18468054378828438, 0.17212863335412373, -7.808035854045479, 0.01531971972501322], "index_ts_data": [17.7336, 14.327, 10.5754, 3.0503, 26.8233, 8.8712, 14.7823, 5.2732, 5.9577, 14.5508, 3.8221, 17.7263, 9.9889, 2.0261, 18.4532, 7.9798, 30.4298, 33.09, 13.1881, 27.2747, 66.0667, 1.0536, 2.7336, 2.3572, 12.7678, 12.9827, 6.989, 4.3595, 6.2862, 2.7467, 7.5818, 0.8782, 8.9253, 20.4206, 18.8681, 11.5127, 18.5231, 7.9857, 18.571, 26.222, 1.0519, 19.9857, 10.7483, 18.5251, 28.4255, 14.5906, 3.4008, 20.5302, 2.733, 0.199, 4.459, 1.5164, 1.9266, 22.8916, 1.886, 4.0683, 6.7731, 34.823, 1.9267, 24.6527, 2.9828], "var_ts_data": [-6.7415, -8.8491, -6.523, -5.3144, -10.707, -8.5126, -9.3765, -6.3458, -7.6818, -7.9173, -6.4837, -8.1102, -6.6143, -5.9922, -8.7931, -7.1345, -8.4396, -9.1269, -8.7449, -8.1074, -9.9789, -3.427, -6.6966, -5.1797, -7.7613, -7.4979, -6.64, -6.3772, -8.3546, -5.7667, -7.0632, -5.8542, -5.5194, -9.4879, -8.4342, -8.842, -9.3373, -5.7845, -7.2434, -9.8847, -5.6182, -10.2511, -7.0238, -8.8246, -8.6425, -8.7895, -7.5087, -7.8748, -5.97, -4.6365, -8.054, -4.8015, -5.449, -8.4077, -6.3692, -5.3696, -6.3658, -8.8274, -5.8564, -7.4592, -5.5091]}