{"index_reg_data": [0.0011749579086742237, -0.3296867209215074, 9.21940194848824, -0.1033513116352996], "var_reg_data": [1.2777324619550317e-20, 0.7823342179238378, -6.563077043673012, 0.05790696456308926], "index_ts_data": [4.0683, 6.7731, 34.823, 1.9267, 24.6527, 2.9828, 9.342, 2.6141, 8.3875, 1.4383, 1.253, 36.5575, 1.9885, 0.4288, 2.8635, 1.7572, 5.3972, 5.965, 0.4358, 2.7142, 6.4492, 1.3394, 8.2381, 1.0498, 3.4324, 4.274, 6.127, 42.3039, 0.4012, 2.0314, 4.6673, 1.664, 0.0803, 1.3126, 26.4238, 0.0983, 7.8537, 0.5346, 3.4476, 1.001, 2.135, 6.4481, 0.1675, 2.1594, 1.3324, 39.7728, 2.7505, 22.563, 0.441, 0.5083, 1.6535, 0.8391, 2.6658, 3.1062, 0.2711, 0.0558, 0.2824, 2.2777, 1.899, 0.9062, 0.0193, 1.4152, 0.2155, 0.7805, 2.591, 5.2128, 0.9915, 6.0641, 0.019, 0.3633, 0.0751, 0.8186, 0.2333, 6.3119, 0.4195, 0.0956, 0.0979, 1.069, 0.0411, 0.1952, 6.7731, 0.331, 1.0793, 0.9309, 4.6672, 0.1228, 0.0281, 0.0309, 1.7473, 0.0047, 0.0101, 0.7348, 0.0131, 0.0389], "var_ts_data": [-5.3696, -6.3658, -8.8274, -5.8564, -7.4592, -5.5091, -6.4429, -5.4175, -5.3624, -5.8207, -5.2758, -8.1754, -5.2327, -2.8681, -5.6055, -6.5399, -5.9825, -5.0516, -4.2102, -4.8183, -5.2444, -4.3697, -5.7185, -4.7701, -4.1679, -5.2912, -5.3755, -9.3391, -3.729, -5.2054, -5.0982, -3.31, -3.0182, -4.9525, -8.6837, -2.9515, -4.7308, -4.1001, -5.4388, -3.7155, -3.8232, -4.4448, -3.3847, -4.9495, -4.0902, -7.0155, -4.4512, -4.6185, -3.0468, -4.236, -4.4555, -3.6439, -4.0996, -5.9628, -3.1761, -1.9814, -2.8967, -4.3733, -2.3554, -3.4707, -1.2763, -2.408, -1.2375, -3.9884, -3.2821, -2.2559, -3.1233, -5.4829, -1.1722, -3.5974, -1.0533, -2.3221, -1.1047, -1.7123, -2.2754, -1.3734, -2.2808, -2.0437, -0.9659, -1.5773, -2.8904, -4.1166, -2.2833, -1.1881, -3.1114, -1.5366, -1.0918, 0.3675, -2.8031, -0.1582, -0.7502, -2.9907, -0.3991, -0.4561]}