{"index_reg_data": [0.5695147463767396, -0.07425864944751173, 12.200950502379692, -0.0414176943416182], "var_reg_data": [0.04506470496469466, 0.2575736386047418, 5.065528820729773, 0.02391734531993654], "index_ts_data": [8.2676, 0.8483, 10.529, 32.4204, 11.3787, 9.8184, 14.2218, 5.1918, 14.944, 7.4129, 1.0273, 12.7128, 4.8944, 8.9586, 5.0802, 7.0337, 9.2987, 32.4167, 17.0831, 5.2541, 21.2659, 10.1637, 11.6564, 8.2021, 3.9905, 24.904, 4.9319, 7.2205, 2.3013, 26.3311, 0.5877, 1.9356, 7.1096, 0.7314, 27.0363, 36.7659, 8.9465, 12.6737, 7.7038, 24.435, 8.0693, 1.8017, 47.1504, 17.9465, 18.2228, 9.5654, 7.8061, 0.1448, 6.3573, 5.6585, 9.5691, 19.5361, 0.0304, 2.1095, 0.0892, 1.7967, 16.1332, 6.8126, 0.6402, 15.8429, 5.4955], "var_ts_data": [4.3886, 7.9798, 6.0295, 4.2756, 6.8506, 6.6194, 5.3686, 4.0852, 5.0167, 6.1561, 6.1605, 5.2419, 5.2892, 6.0093, 5.1878, 4.7281, 6.3588, 4.5171, 3.904, 4.5884, 4.4946, 3.8885, 4.6725, 4.8661, 6.4668, 2.8673, 6.5691, 6.1717, 8.0616, 3.6324, 7.909, 6.679, 5.9776, 7.8862, 3.7106, 4.0662, 5.2684, 4.8658, 6.0455, 4.4383, 6.9206, 6.3934, 1.963, 4.8711, 5.1822, 7.2456, 8.0982, 8.7298, 5.2485, 6.4669, 6.1745, 2.8419, 10.0282, 7.8395, 9.2455, 5.9886, 4.638, 8.3292, 7.6483, 4.4688, 7.1518]}