{"index_reg_data": [5.935181988051861e-05, -0.40192550675050326, 7.014468734602464, -0.07515350287179857], "var_reg_data": [3.5513291082655823e-16, 0.7185117563518885, -6.929923292273236, 0.05849139544124552], "index_ts_data": [1.62, 22.1845, 8.2536, 0.3029, 20.7249, 5.936, 8.8025, 11.088, 3.7105, 2.5633, 3.6612, 1.6083, 0.8346, 3.4454, 2.1551, 1.9334, 29.752, 5.0325, 10.0408, 8.1959, 2.2703, 0.2102, 2.8333, 1.6075, 8.5315, 0.2361, 1.4584, 3.6658, 4.0868, 7.411, 5.3568, 9.5067, 11.1314, 2.5909, 0.2573, 0.9816, 1.3945, 3.7362, 7.3971, 1.3713, 2.502, 6.6148, 3.1202, 11.8556, 0.1384, 0.2175, 2.845, 0.2868, 0.015, 0.1146, 0.2863, 1.404, 3.5967, 2.9057, 3.7488, 0.0064, 1.9547, 0.3191, 0.127, 0.1216, 3.3042, 0.1566, 3.3979, 0.0055, 0.9562, 0.2711, 0.1844, 0.5498, 0.5819, 0.0065, 4.8045, 16.5752, 0.0226, 3.0938, 0.0038, 0.2216, 4.8912, 0.3246, 0.0832, 1.9972, 3.766, 2.1433, 0.0476, 0.1, 3.1038, 0.0015, 0.7009, 9.0922, 0.0913, 0.0219, 0.0133, 0.0811, 0.0004, 0.2087], "var_ts_data": [-6.35, -9.3525, -5.3361, -4.8181, -9.1438, -6.1661, -6.5304, -7.5764, -5.5506, -6.7817, -4.1081, -5.2925, -5.1082, -6.1714, -5.0295, -3.9264, -9.6869, -7.3539, -7.0718, -5.6913, -7.2154, -4.5695, -5.5688, -5.4011, -7.1423, -3.7583, -3.7164, -6.0819, -5.3752, -5.7248, -5.2218, -6.1579, -8.4338, -3.1897, -4.2646, -2.3283, -5.6544, -4.8899, -5.2771, -5.579, -5.0848, -5.7982, -5.8146, -6.1465, -2.9956, -4.2163, -3.9318, -3.5532, -2.5231, -3.0909, -3.0547, -3.6872, -4.4107, -3.6939, -5.9132, 0.2682, -3.1048, -4.1784, -1.5224, -1.6767, -4.5686, -2.2842, -6.1894, -0.2916, -4.6883, -4.2469, -2.9783, -1.7813, -4.607, -1.8902, -4.9383, -5.6749, -2.292, -4.962, -0.4666, -0.318, -5.5792, -2.3472, -2.1835, -2.8421, -3.2389, -1.4301, -2.1124, -1.2976, -2.3565, -0.2436, -3.5825, -4.7663, -0.6886, -0.1472, -0.7647, -1.3221, 0.3972, -2.3393]}