{"index_reg_data": [0.7194083288104824, -0.04694298317967195, 14.208627657324168, -0.033644801692226334], "var_reg_data": [0.07671671162686049, 0.22835257875835618, -8.148775251189846, 0.02479638815441565], "index_ts_data": [9.0709, 1.7444, 9.0463, 33.928, 8.8277, 12.9515, 22.7833, 6.7604, 15.9546, 9.2103, 1.3408, 13.3782, 5.9253, 7.4315, 6.3381, 8.9802, 13.791, 33.1262, 22.9063, 7.752, 31.0214, 11.2066, 11.6375, 7.4846, 5.7045, 25.7055, 6.327, 9.9763, 2.4531, 33.2505, 0.258, 0.5726, 7.2977, 0.9623, 39.1156, 56.4662, 14.8945, 14.6776, 8.5096, 36.7796, 11.1145, 1.7016, 55.8827, 18.7701, 18.948, 7.0844, 9.0895, 1.5836, 6.9039, 6.4947, 8.6969, 21.2421, 0.0309, 3.0207, 0.0231, 1.62, 22.1845, 8.2536, 0.3029, 20.7249, 5.936], "var_ts_data": [-8.5926, -5.0202, -6.9714, -9.5757, -6.4379, -6.5978, -8.0398, -9.0016, -8.3629, -7.1539, -6.8356, -8.2183, -7.6239, -6.5394, -7.1892, -8.7716, -7.9033, -9.069, -10.146, -8.8835, -8.5375, -9.0819, -8.8735, -8.2306, -7.0374, -10.2376, -6.3146, -6.3154, -4.9593, -9.8108, -4.6944, -4.8292, -6.5221, -4.8611, -9.7951, -10.2015, -8.4111, -8.8026, -6.7098, -8.8971, -6.7371, -6.6534, -11.9439, -8.1841, -8.0838, -6.031, -4.9234, -3.8292, -7.9017, -6.1039, -7.0508, -10.9213, -3.3687, -6.1449, -2.5979, -6.35, -9.3525, -5.3361, -4.8181, -9.1438, -6.1661]}